# USA_1_USA_2.properties 
#/******************************************************************************* 
# * Copyright (c) 2008 IBM Corporation and others. 
# * All rights reserved. This program and the accompanying materials 
# * are made available under the terms of the Eclipse Public License v1.0 
# * which accompanies this distribution, and is available at 
# * http://www.eclipse.org/legal/epl-v10.html 
# * 
# * Contributors: 
# *     IBM Corporation - initial API and implementation 
# *******************************************************************************/ 
 
# This is the name of the class that will interpret the rest of the file's contents 
RECORD_CLASSNAME =  org.eclipse.stem.internal.data.geography.infrastructure.transportation.specifications.AirTransportationGeographicRelationshipPropertyFileSpecification
 
# The title of the relationship 
TITLE = Air transport between USA Counties (2) and USA States (1) 
 
# This is the date range for which the values in this file are valid 
# See http://purl.org/dc/terms/1.1/valid 
VALID = start=2006-01-01; end=2006-12-31; 
 
# The data is derived from the following primary source 
#SOURCE = http://www.faa.gov/airports_airtraffic/airports/planning_capacity/passenger_allcargo_stats/passenger/index.cfm?year=2006 
 
# ISO3166-1 alpha3 keys and levels of relationship 
ISOKEY_0 = USA 
ISOKEY_0_LEVEL = 1 
ISOKEY_1 = USA 
ISOKEY_1_LEVEL = 2 
 
# The mode of transportation 
TRANSPORT_MODE = air 
 
# The population being transported 
POPULATION_IDENTIFIER = human 
 
# The time period for the rate in milliseconds (one day = 8640000ms) 
RATE_TIME_PERIOD = 86400000 
 
#Average time in transportation network 
AVG_TIME_IN_SYSTEM = 1 
 
# This data is derived from Year 2006 FAA yearly data (see url above). 
# Record No. = Enclosing Node Key,  Node Key, ArrivalRate (individuals per RATE_TIME_PERIOD), DepartureRate(Individuals per RATE_TIME_PERIOD),  Base Node Population 
 
# US-AK-02013 =  Aleutians East Borough 
1 = US-AK, US-AK-02013, 22, 22, 2697
 
# US-AK-02016 =  Aleutians West 
2 = US-AK, US-AK-02016, 40, 40, 5465
 
# US-AK-02020 =  Anchorage Borough 
3 = US-AK, US-AK-02020, 3290, 3290, 260283
 
# US-AK-02050 =  Bethel 
4 = US-AK, US-AK-02050, 291, 291, 16006
 
# US-AK-02060 =  Bristol Bay Borough 
5 = US-AK, US-AK-02060, 53, 53, 1258
 
# US-AK-02070 =  Dillingham 
6 = US-AK, US-AK-02070, 83, 83, 4922
 
# US-AK-02090 =  Fairbanks North Star Borough 
7 = US-AK, US-AK-02090, 619, 619, 82840
 
# US-AK-02100 =  Haines Borough 
8 = US-AK, US-AK-02100, 10, 10, 2392
 
# US-AK-02110 =  Juneau Borough 
9 = US-AK, US-AK-02110, 553, 553, 30711
 
# US-AK-02122 =  Kenai Peninsula Borough 
10 = US-AK, US-AK-02122, 205, 205, 49691
 
# US-AK-02130 =  Ketchikan Gateway Borough 
11 = US-AK, US-AK-02130, 148, 148, 14070
 
# US-AK-02150 =  Kodiak Island Borough 
12 = US-AK, US-AK-02150, 113, 113, 13913
 
# US-AK-02164 =  Lake and Peninsula Borough 
13 = US-AK, US-AK-02164, 13, 13, 1823
 
# US-AK-02180 =  Nome 
14 = US-AK, US-AK-02180, 189, 189, 9196
 
# US-AK-02185 =  North Slope Borough 
15 = US-AK, US-AK-02185, 112, 112, 7385
 
# US-AK-02188 =  Northwest Arctic Borough 
16 = US-AK, US-AK-02188, 139, 139, 7208
 
# US-AK-02201 =  Prince of Wales-Outer Ketchikan 
17 = US-AK, US-AK-02201, 4, 4, 6146
 
# US-AK-02220 =  Sitka Borough 
18 = US-AK, US-AK-02220, 108, 108, 8835
 
# US-AK-02232 =  Skagway-Hoonah-Angoon 
19 = US-AK, US-AK-02232, 28, 28, 3436
 
# US-AK-02261 =  Valdez-Cordova 
20 = US-AK, US-AK-02261, 45, 45, 10195
 
# US-AK-02270 =  Wade Hampton 
21 = US-AK, US-AK-02270, 38, 38, 7028
 
# US-AK-02280 =  Wrangell-Petersburg 
22 = US-AK, US-AK-02280, 46, 46, 6684
 
# US-AK-02282 =  Yakutat City and Borough 
23 = US-AK, US-AK-02282, 16, 16, 808
 
# US-AK-02290 =  Yukon-Koyukuk 
24 = US-AK, US-AK-02290, 22, 22, 6551
 
# US-AL-01033 =  Colbert County 
25 = US-AL, US-AL-01033, 9, 9, 54984
 
# US-AL-01069 =  Houston County 
26 = US-AL, US-AL-01069, 79, 79, 88787
 
# US-AL-01073 =  Jefferson County 
27 = US-AL, US-AL-01073, 2125, 2125, 662047
 
# US-AL-01089 =  Madison County 
28 = US-AL, US-AL-01089, 769, 769, 276700
 
# US-AL-01097 =  Mobile County 
29 = US-AL, US-AL-01097, 406, 406, 399843
 
# US-AL-01101 =  Montgomery County 
30 = US-AL, US-AL-01101, 258, 258, 223510
 
# US-AR-05007 =  Benton County 
31 = US-AR, US-AR-05007, 777, 777, 153406
 
# US-AR-05009 =  Boone County 
32 = US-AR, US-AR-05009, 7, 7, 33948
 
# US-AR-05031 =  Craighead County 
33 = US-AR, US-AR-05031, 5, 5, 82148
 
# US-AR-05051 =  Garland County 
34 = US-AR, US-AR-05051, 6, 6, 88068
 
# US-AR-05091 =  Miller County 
35 = US-AR, US-AR-05091, 50, 50, 40443
 
# US-AR-05119 =  Pulaski County 
36 = US-AR, US-AR-05119, 1694, 1694, 361474
 
# US-AR-05131 =  Sebastian County 
37 = US-AR, US-AR-05131, 129, 129, 115071
 
# US-AZ-04005 =  Coconino County 
39 = US-AZ, US-AZ-04005, 619, 619, 116320
 
# US-AZ-04013 =  Maricopa County 
40 = US-AZ, US-AZ-04013, 28208, 28208, 3072149
 
# US-AZ-04015 =  Mohave County 
41 = US-AZ, US-AZ-04015, 222, 222, 155032
 
# US-AZ-04017 =  Navajo County 
42 = US-AZ, US-AZ-04017, 9, 9, 97470
 
# US-AZ-04019 =  Pima County 
43 = US-AZ, US-AZ-04019, 2864, 2864, 843746
 
# US-AZ-04025 =  Yavapai County 
44 = US-AZ, US-AZ-04025, 5, 5, 167517
 
# US-AZ-04027 =  Yuma County 
45 = US-AZ, US-AZ-04027, 93, 93, 160026
 
# US-CA-06001 =  Alameda County 
46 = US-CA, US-CA-06001, 9695, 9695, 1443741
 
# US-CA-06007 =  Butte County 
47 = US-CA, US-CA-06007, 32, 32, 203171
 
# US-CA-06015 =  Del Norte County 
48 = US-CA, US-CA-06015, 17, 17, 27507
 
# US-CA-06019 =  Fresno County 
49 = US-CA, US-CA-06019, 8048, 8048, 799407
 
# US-CA-06023 =  Humboldt County 
50 = US-CA, US-CA-06023, 142, 142, 126518
 
# US-CA-06025 =  Imperial County 
51 = US-CA, US-CA-06025, 15, 15, 142361
 
# US-CA-06029 =  Kern County 
52 = US-CA, US-CA-06029, 254, 254, 661645
 
# US-CA-06037 =  Los Angeles County 
53 = US-CA, US-CA-06037, 45941, 45941, 9519338
 
# US-CA-06047 =  Merced County 
54 = US-CA, US-CA-06047, 11, 11, 210554
 
# US-CA-06053 =  Monterey County 
55 = US-CA, US-CA-06053, 274, 274, 401762
 
# US-CA-06059 =  Orange County 
56 = US-CA, US-CA-06059, 6545, 6545, 2846289
 
# US-CA-06065 =  Riverside County 
57 = US-CA, US-CA-06065, 1058, 1058, 1545387
 
# US-CA-06067 =  Sacramento County 
58 = US-CA, US-CA-06067, 7100, 7100, 1223499
 
# US-CA-06071 =  San Bernardino County 
59 = US-CA, US-CA-06071, 4664, 4664, 1709434
 
# US-CA-06073 =  San Diego County 
60 = US-CA, US-CA-06073, 12020, 12020, 2813833
 
# US-CA-06077 =  San Joaquin County 
61 = US-CA, US-CA-06077, 19, 19, 563598
 
# US-CA-06079 =  San Luis Obispo County 
62 = US-CA, US-CA-06079, 240, 240, 246681
 
# US-CA-06081 =  San Mateo County 
63 = US-CA, US-CA-06081, 22242, 22242, 707161
 
# US-CA-06083 =  Santa Barbara County 
64 = US-CA, US-CA-06083, 665, 665, 399347
 
# US-CA-06085 =  Santa Clara County 
65 = US-CA, US-CA-06085, 7238, 7238, 1682585
 
# US-CA-06089 =  Shasta County 
66 = US-CA, US-CA-06089, 92, 92, 163256
 
# US-CA-06099 =  Stanislaus County 
67 = US-CA, US-CA-06099, 50, 50, 446997
 
# US-CA-06107 =  Tulare County 
68 = US-CA, US-CA-06107, 7, 7, 368021
 
# US-CA-06111 =  Ventura County 
69 = US-CA, US-CA-06111, 33, 33, 753197
 
# US-CO-08003 =  Alamosa County 
70 = US-CO, US-CO-08003, 10, 10, 14966
 
# US-CO-08031 =  Denver County 
71 = US-CO, US-CO-08031, 31263, 31263, 554636
 
# US-CO-08037 =  Eagle County 
72 = US-CO, US-CO-08037, 298, 298, 41659
 
# US-CO-08041 =  El Paso County 
73 = US-CO, US-CO-08041, 1367, 1367, 516929
 
# US-CO-08051 =  Gunnison County 
74 = US-CO, US-CO-08051, 66, 66, 13956
 
# US-CO-08067 =  La Plata County 
75 = US-CO, US-CO-08067, 156, 156, 43941
 
# US-CO-08069 =  Larimer County 
76 = US-CO, US-CO-08069, 45, 45, 251494
 
# US-CO-08077 =  Mesa County 
77 = US-CO, US-CO-08077, 219, 219, 116255
 
# US-CO-08083 =  Montezuma County 
78 = US-CO, US-CO-08083, 13, 13, 23830
 
# US-CO-08085 =  Montrose County 
79 = US-CO, US-CO-08085, 113, 113, 33432
 
# US-CO-08097 =  Pitkin County 
80 = US-CO, US-CO-08097, 276, 276, 14872
 
# US-CO-08101 =  Pueblo County 
81 = US-CO, US-CO-08101, 7, 7, 141472
 
# US-CO-08107 =  Routt County 
82 = US-CO, US-CO-08107, 180, 180, 19690
 
# US-CO-08113 =  San Miguel County 
83 = US-CO, US-CO-08113, 23, 23, 6594
 
# US-CT-09003 =  Hartford County 
84 = US-CT, US-CT-09003, 4671, 4671, 857183
 
# US-CT-09009 =  New Haven County 
85 = US-CT, US-CT-09009, 53, 53, 824008
 
# US-DC-11001 =  District of Columbia 
86 = US-DC, US-DC-11001, 12293, 12293, 572059
 
# US-DE-10003 =  New Castle County 
87 = US-DE, US-DE-10003, 12, 12, 500265
 
# US-FL-12001 =  Alachua County 
88 = US-FL, US-FL-12001, 211, 211, 217955
 
# US-FL-12005 =  Bay County 
89 = US-FL, US-FL-12005, 238, 238, 148217
 
# US-FL-12009 =  Brevard County 
90 = US-FL, US-FL-12009, 222, 222, 476230
 
# US-FL-12011 =  Broward County 
91 = US-FL, US-FL-12011, 13979, 13979, 1623018
 
# US-FL-12021 =  Collier County 
92 = US-FL, US-FL-12021, 35, 35, 251377
 
# US-FL-12031 =  Duval County 
93 = US-FL, US-FL-12031, 4071, 4071, 778879
 
# US-FL-12033 =  Escambia County 
94 = US-FL, US-FL-12033, 1106, 1106, 294410
 
# US-FL-12057 =  HillsBorough 
95 = US-FL, US-FL-12057, 12586, 12586, 998948
 
# US-FL-12071 =  Lee County 
96 = US-FL, US-FL-12071, 5157, 5157, 440888
 
# US-FL-12073 =  Leon County 
97 = US-FL, US-FL-12073, 675, 675, 239452
 
# US-FL-12081 =  Manatee County 
98 = US-FL, US-FL-12081, 976, 976, 264002
 
# US-FL-12086 =  Miami-Dade County 
99 = US-FL, US-FL-12086, 21459, 21459, 2253362
 
# US-FL-12087 =  Monroe County 
100 = US-FL, US-FL-12087, 403, 403, 79589
 
# US-FL-12091 =  Okaloosa County 
101 = US-FL, US-FL-12091, 480, 480, 170498
 
# US-FL-12095 =  Orange County 
102 = US-FL, US-FL-12095, 23024, 23024, 896344
 
# US-FL-12099 =  Palm Beach County 
103 = US-FL, US-FL-12099, 4683, 4683, 1131184
 
# US-FL-12103 =  Pinellas County 
104 = US-FL, US-FL-12103, 276, 276, 921482
 
# US-FL-12117 =  Seminole County 
105 = US-FL, US-FL-12117, 1254, 1254, 365196
 
# US-FL-12127 =  Volusia County 
106 = US-FL, US-FL-12127, 360, 360, 443343
 
# US-GA-13021 =  Bibb County 
107 = US-GA, US-GA-13021, 18, 18, 153887
 
# US-GA-13051 =  Chatham County 
108 = US-GA, US-GA-13051, 1303, 1303, 232048
 
# US-GA-13059 =  Clarke County 
109 = US-GA, US-GA-13059, 9, 9, 101489
 
# US-GA-13095 =  Dougherty County 
110 = US-GA, US-GA-13095, 48, 48, 96065
 
# US-GA-13121 =  Fulton County 
111 = US-GA, US-GA-13121, 56647, 56647, 816006
 
# US-GA-13127 =  Glynn County 
112 = US-GA, US-GA-13127, 37, 37, 67568
 
# US-GA-13185 =  Lowndes County 
113 = US-GA, US-GA-13185, 55, 55, 92115
 
# US-GA-13215 =  Muscogee County 
114 = US-GA, US-GA-13215, 62, 62, 186291
 
# US-GA-13245 =  Richmond County 
115 = US-GA, US-GA-13245, 185, 185, 199775
 
# US-GU-66010 =  Guam 
#116 = US-GU, US-GU-66010, 1940, 1940, 173500
 
# US-HI-15001 =  Hawaii County 
117 = US-HI, US-HI-15001, 2941, 2941, 148677
 
# US-HI-15003 =  Honolulu County 
118 = US-HI, US-HI-15003, 13501, 13501, 876156
 
# US-HI-15007 =  Kauai County 
119 = US-HI, US-HI-15007, 1824, 1824, 58463
 
# US-HI-15009 =  Maui County 
120 = US-HI, US-HI-15009, 4328, 4328, 128094
 
# US-IA-19013 =  Black Hawk County 
121 = US-IA, US-IA-19013, 46, 46, 128012
 
# US-IA-19033 =  Cerro Gordo County 
122 = US-IA, US-IA-19033, 17, 17, 46447
 
# US-IA-19057 =  Des Moines County 
123 = US-IA, US-IA-19057, 11, 11, 42351
 
# US-IA-19061 =  Dubuque County 
124 = US-IA, US-IA-19061, 65, 65, 89143
 
# US-IA-19113 =  Linn County 
125 = US-IA, US-IA-19113, 707, 707, 191701
 
# US-IA-19153 =  Polk County 
126 = US-IA, US-IA-19153, 1298, 1298, 374601
 
# US-IA-19187 =  Webster County 
127 = US-IA, US-IA-19187, 10, 10, 40235
 
# US-IA-19193 =  Woodbury County 
128 = US-IA, US-IA-19193, 46, 46, 103877
 
# US-ID-16001 =  Ada County 
129 = US-ID, US-ID-16001, 2270, 2270, 300904
 
# US-ID-16005 =  Bannock County 
130 = US-ID, US-ID-16005, 47, 47, 75565
 
# US-ID-16013 =  Blaine County 
131 = US-ID, US-ID-16013, 96, 96, 18991
 
# US-ID-16019 =  Bonneville County 
132 = US-ID, US-ID-16019, 209, 209, 82522
 
# US-ID-16069 =  Nez Perce County 
133 = US-ID, US-ID-16069, 91, 91, 37410
 
# US-ID-16083 =  Twin Falls County 
134 = US-ID, US-ID-16083, 54, 54, 64284
 
# US-IL-17001 =  Adams County 
135 = US-IL, US-IL-17001, 12, 12, 68277
 
# US-IL-17019 =  Champaign County 
136 = US-IL, US-IL-17019, 161, 161, 179669
 
# US-IL-17031 =  Cook County 
137 = US-IL, US-IL-17031, 62658, 62658, 5376741
 
# US-IL-17113 =  McLean County 
138 = US-IL, US-IL-17113, 352, 352, 150433
 
# US-IL-17115 =  Macon County 
139 = US-IL, US-IL-17115, 20, 20, 114706
 
# US-IL-17143 =  Peoria County 
140 = US-IL, US-IL-17143, 330, 330, 183433
 
# US-IL-17161 =  Rock Island County 
141 = US-IL, US-IL-17161, 622, 622, 149374
 
# US-IL-17163 =  St. Clair County 
142 = US-IL, US-IL-17163, 37, 37, 256082
 
# US-IL-17167 =  Sangamon County 
143 = US-IL, US-IL-17167, 90, 90, 188951
 
# US-IL-17197 =  Will County 
144 = US-IL, US-IL-17197, 239, 239, 502266
 
# US-IL-17199 =  Williamson County 
145 = US-IL, US-IL-17199, 17, 17, 61296
 
# US-IL-17201 =  Winnebago County 
146 = US-IL, US-IL-17201, 123, 123, 278418
 
# US-IN-18003 =  Allen County 
147 = US-IN, US-IN-18003, 368, 368, 331849
 
# US-IN-18097 =  Marion County 
148 = US-IN, US-IN-18097, 5492, 5492, 860454
 
# US-IN-18141 =  St. Joseph County 
149 = US-IN, US-IN-18141, 519, 519, 265559
 
# US-IN-18163 =  Vanderburgh County 
150 = US-IN, US-IN-18163, 321, 321, 171922
 
# US-KS-20051 =  Ellis County 
151 = US-KS, US-KS-20051, 14, 14, 27507
 
# US-KS-20055 =  Finney County 
152 = US-KS, US-KS-20055, 16, 16, 40523
 
# US-KS-20057 =  Ford County 
153 = US-KS, US-KS-20057, 9, 9, 32458
 
# US-KS-20161 =  Riley County 
154 = US-KS, US-KS-20161, 21, 21, 62843
 
# US-KS-20169 =  Saline County 
155 = US-KS, US-KS-20169, 4, 4, 53597
 
# US-KS-20173 =  Sedgwick County 
156 = US-KS, US-KS-20173, 973, 973, 452869
 
# US-KS-20175 =  Seward County 
157 = US-KS, US-KS-20175, 8, 8, 22510
 
# US-KS-20177 =  Shawnee County 
158 = US-KS, US-KS-20177, 25, 25, 169871
 
# US-KY-21059 =  Daviess County 
159 = US-KY, US-KY-21059, 7, 7, 91545
 
# US-KY-21067 =  Fayette County 
160 = US-KY, US-KY-21067, 692, 692, 260512
 
# US-KY-21111 =  Jefferson County 
161 = US-KY, US-KY-21111, 2516, 2516, 693604
 
# US-KY-21145 =  McCracken County 
162 = US-KY, US-KY-21145, 37, 37, 65514
 
# US-LA-22017 =  Caddo Parish 
163 = US-LA, US-LA-22017, 421, 421, 252161
 
# US-LA-22019 =  Calcasieu Parish 
164 = US-LA, US-LA-22019, 77, 77, 183577
 
# US-LA-22033 =  East Baton Rouge Parish 
165 = US-LA, US-LA-22033, 722, 722, 412852
 
# US-LA-22051 =  Jefferson Parish 
166 = US-LA, US-LA-22051, 4285, 4285, 455466
 
# US-LA-22055 =  Lafayette Parish 
167 = US-LA, US-LA-22055, 284, 284, 190503
 
# US-LA-22073 =  Ouachita Parish 
168 = US-LA, US-LA-22073, 152, 152, 147250
 
# US-LA-22079 =  Rapides Parish 
169 = US-LA, US-LA-22079, 188, 188, 126337
 
# US-MA-25001 =  Barnstable County 
170 = US-MA, US-MA-25001, 299, 299, 222230
 
# US-MA-25005 =  Bristol County 
171 = US-MA, US-MA-25005, 21, 21, 534678
 
# US-MA-25007 =  Dukes County 
172 = US-MA, US-MA-25007, 63, 63, 14987
 
# US-MA-25017 =  Middlesex County 
173 = US-MA, US-MA-25017, 20, 20, 1465396
 
# US-MA-25019 =  Nantucket County 
174 = US-MA, US-MA-25019, 380, 380, 9520
 
# US-MA-25025 =  Suffolk County 
175 = US-MA, US-MA-25025, 18554, 18554, 689807
 
# US-MA-25027 =  Worcester County 
176 = US-MA, US-MA-25027, 21, 21, 750963
 
# US-MD-24003 =  Anne Arundel County 
177 = US-MD, US-MD-24003, 14107, 14107, 489656
 
# US-MD-24043 =  Washington County 
178 = US-MD, US-MD-24043, 8, 8, 131923
 
# US-MD-24045 =  Wicomico County 
179 = US-MD, US-MD-24045, 86, 86, 84644
 
# US-ME-23003 =  Aroostook County 
180 = US-ME, US-ME-23003, 23, 23, 73938
 
# US-ME-23005 =  Cumberland County 
181 = US-ME, US-ME-23005, 973, 973, 265612
 
# US-ME-23009 =  Hancock County 
182 = US-ME, US-ME-23009, 14, 14, 51791
 
# US-ME-23011 =  Kennebec County 
183 = US-ME, US-ME-23011, 7, 7, 117114
 
# US-ME-23013 =  Knox County 
184 = US-ME, US-ME-23013, 19, 19, 39618
 
# US-ME-23019 =  Penobscot County 
185 = US-ME, US-ME-23019, 564, 564, 144919
 
# US-MI-26007 =  Alpena County 
186 = US-MI, US-MI-26007, 11, 11, 31314
 
# US-MI-26025 =  Calhoun County 
187 = US-MI, US-MI-26025, 282, 282, 137985
 
# US-MI-26029 =  Charlevoix County 
188 = US-MI, US-MI-26029, 20, 20, 26090
 
# US-MI-26033 =  Chippewa County 
189 = US-MI, US-MI-26033, 19, 19, 38543
 
# US-MI-26041 =  Delta County 
190 = US-MI, US-MI-26041, 14, 14, 38520
 
# US-MI-26043 =  Dickinson County 
191 = US-MI, US-MI-26043, 11, 11, 27472
 
# US-MI-26047 =  Emmet County 
192 = US-MI, US-MI-26047, 46, 46, 31437
 
# US-MI-26049 =  Genesee County 
193 = US-MI, US-MI-26049, 730, 730, 436141
 
# US-MI-26053 =  Gogebic County 
194 = US-MI, US-MI-26053, 5, 5, 17370
 
# US-MI-26055 =  Grand Traverse County 
195 = US-MI, US-MI-26055, 286, 286, 77654
 
# US-MI-26061 =  Houghton County 
196 = US-MI, US-MI-26061, 38, 38, 36016
 
# US-MI-26065 =  Ingham County 
197 = US-MI, US-MI-26065, 393, 393, 279320
 
# US-MI-26081 =  Kent County 
198 = US-MI, US-MI-26081, 1378, 1378, 574335
 
# US-MI-26101 =  Manistee County 
199 = US-MI, US-MI-26101, 4, 4, 24527
 
# US-MI-26103 =  Marquette County 
200 = US-MI, US-MI-26103, 94, 94, 64634
 
# US-MI-26121 =  Muskegon County 
201 = US-MI, US-MI-26121, 49, 49, 170200
 
# US-MI-26145 =  Saginaw County 
202 = US-MI, US-MI-26145, 274, 274, 210039
 
# US-MI-26163 =  Wayne County 
203 = US-MI, US-MI-26163, 23950, 23950, 2061162
 
# US-MN-27007 =  Beltrami County 
204 = US-MN, US-MN-27007, 36, 36, 39650
 
# US-MN-27009 =  Benton County 
205 = US-MN, US-MN-27009, 35, 35, 34226
 
# US-MN-27035 =  Crow Wing County 
206 = US-MN, US-MN-27035, 27, 27, 55099
 
# US-MN-27053 =  Hennepin County 
207 = US-MN, US-MN-27053, 23551, 23551, 1116200
 
# US-MN-27071 =  Koochiching County 
208 = US-MN, US-MN-27071, 26, 26, 14355
 
# US-MN-27109 =  Olmsted County 
209 = US-MN, US-MN-27109, 205, 205, 124277
 
# US-MN-27113 =  Pennington County 
210 = US-MN, US-MN-27113, 5, 5, 13584
 
# US-MN-27137 =  St. Louis County 
211 = US-MN, US-MN-27137, 205, 205, 200528
 
# US-MO-29019 =  Boone County 
212 = US-MO, US-MO-29019, 22, 22, 135454
 
# US-MO-29031 =  Cape Girardeau County 
213 = US-MO, US-MO-29031, 11, 11, 68693
 
# US-MO-29077 =  Greene County 
214 = US-MO, US-MO-29077, 587, 587, 240391
 
# US-MO-29097 =  Jasper County 
215 = US-MO, US-MO-29097, 16, 16, 104686
 
# US-MO-29165 =  Platte County 
216 = US-MO, US-MO-29165, 7489, 7489, 73781
 
# US-MO-29169 =  Pulaski County 
217 = US-MO, US-MO-29169, 11, 11, 41165
 
# US-MO-29189 =  St. Louis County 
218 = US-MO, US-MO-29189, 9641, 9641, 1016315
 
# US-MS-28047 =  Harrison County 
220 = US-MS, US-MS-28047, 553, 553, 189601
 
# US-MS-28067 =  Jones County 
221 = US-MS, US-MS-28067, 20, 20, 64958
 
# US-MS-28075 =  Lauderdale County 
222 = US-MS, US-MS-28075, 30, 30, 78161
 
# US-MS-28081 =  Lee County 
223 = US-MS, US-MS-28081, 44, 44, 75755
 
# US-MS-28087 =  Lowndes County 
224 = US-MS, US-MS-28087, 40, 40, 61586
 
# US-MS-28121 =  Rankin County 
225 = US-MS, US-MS-28121, 997, 997, 115327
 
# US-MS-28143 =  Tunica County 
226 = US-MS, US-MS-28143, 21, 21, 9227
 
# US-MS-28151 =  Washington County 
227 = US-MS, US-MS-28151, 12, 12, 62977
 
# US-MT-30013 =  Cascade County 
228 = US-MT, US-MT-30013, 191, 191, 80357
 
# US-MT-30029 =  Flathead County 
229 = US-MT, US-MT-30029, 240, 240, 74471
 
# US-MT-30031 =  Gallatin County 
230 = US-MT, US-MT-30031, 442, 442, 67831
 
# US-MT-30049 =  Lewis and Clark County 
231 = US-MT, US-MT-30049, 121, 121, 55716
 
# US-MT-30063 =  Missoula County 
232 = US-MT, US-MT-30063, 379, 379, 95802
 
# US-MT-30083 =  Richland County 
233 = US-MT, US-MT-30083, 7, 7, 9667
 
# US-MT-30093 =  Silver Bow County 
234 = US-MT, US-MT-30093, 52, 52, 34606
 
# US-MT-30111 =  Yellowstone County 
235 = US-MT, US-MT-30111, 553, 553, 129352
 
# US-NC-37049 =  Craven County 
236 = US-NC, US-NC-37049, 117, 117, 91436
 
# US-NC-37051 =  Cumberland County 
237 = US-NC, US-NC-37051, 213, 213, 302963
 
# US-NC-37081 =  Guilford County 
238 = US-NC, US-NC-37081, 1484, 1484, 421048
 
# US-NC-37089 =  Henderson County 
239 = US-NC, US-NC-37089, 397, 397, 89173
 
# US-NC-37107 =  Lenoir County 
240 = US-NC, US-NC-37107, 32, 32, 59648
 
# US-NC-37119 =  Mecklenburg County 
241 = US-NC, US-NC-37119, 20205, 20205, 695454
 
# US-NC-37125 =  Moore County 
242 = US-NC, US-NC-37125, 7, 7, 74769
 
# US-NC-37129 =  New Hanover County 
243 = US-NC, US-NC-37129, 428, 428, 160307
 
# US-NC-37133 =  Onslow County 
244 = US-NC, US-NC-37133, 120, 120, 150355
 
# US-NC-37147 =  Pitt County 
245 = US-NC, US-NC-37147, 61, 61, 133798
 
# US-NC-37183 =  Wake County 
246 = US-NC, US-NC-37183, 6448, 6448, 627846
 
# US-ND-38015 =  Burleigh County 
247 = US-ND, US-ND-38015, 248, 248, 69416
 
# US-ND-38017 =  Cass County 
248 = US-ND, US-ND-38017, 422, 422, 123138
 
# US-ND-38035 =  Grand Forks County 
249 = US-ND, US-ND-38035, 119, 119, 66109
 
# US-ND-38071 =  Ramsey County 
250 = US-ND, US-ND-38071, 5, 5, 12066
 
# US-ND-38089 =  Stark County 
251 = US-ND, US-ND-38089, 8, 8, 22636
 
# US-ND-38101 =  Ward County 
252 = US-ND, US-ND-38101, 103, 103, 58795
 
# US-ND-38105 =  Williams County 
253 = US-ND, US-ND-38105, 9, 9, 19761
 
# US-NE-31019 =  Buffalo County 
254 = US-NE, US-NE-31019, 12, 12, 42259
 
# US-NE-31055 =  Douglas County 
255 = US-NE, US-NE-31055, 2843, 2843, 463585
 
# US-NE-31079 =  Hall County 
256 = US-NE, US-NE-31079, 12, 12, 53534
 
# US-NE-31109 =  Lancaster County 
257 = US-NE, US-NE-31109, 261, 261, 250291
 
# US-NE-31111 =  Lincoln County 
258 = US-NE, US-NE-31111, 12, 12, 34632
 
# US-NE-31157 =  Scotts Bluff County 
259 = US-NE, US-NE-31157, 14, 14, 36951
 
# US-NH-33009 =  Grafton County 
260 = US-NH, US-NH-33009, 17, 17, 81743
 
# US-NH-33011 =  HillsBorough 
261 = US-NH, US-NH-33011, 2646, 2646, 380841
 
# US-NH-33015 =  Rockingham County 
262 = US-NH, US-NH-33015, 36, 36, 277359
 
# US-NJ-34001 =  Atlantic County 
263 = US-NJ, US-NJ-34001, 628, 628, 252552
 
# US-NJ-34003 =  Bergen County 
264 = US-NJ, US-NJ-34003, 21, 21, 884118
 
# US-NJ-34013 =  Essex County 
265 = US-NJ, US-NJ-34013, 24389, 24389, 793633
 
# US-NJ-34021 =  Mercer County 
266 = US-NJ, US-NJ-34021, 14, 14, 350761
 
# US-NM-35001 =  Bernalillo County 
267 = US-NM, US-NM-35001, 4351, 4351, 556678
 
# US-NM-35005 =  Chaves County 
268 = US-NM, US-NM-35005, 13, 13, 61382
 
# US-NM-35015 =  Eddy County 
269 = US-NM, US-NM-35015, 6, 6, 51658
 
# US-NM-35045 =  San Juan County 
270 = US-NM, US-NM-35045, 37, 37, 113801
 
# US-NM-35049 =  Santa Fe County 
271 = US-NM, US-NM-35049, 14, 14, 129292
 
# US-NV-32003 =  Clark County 
272 = US-NV, US-NV-32003, 30536, 30536, 1375765
 
# US-NV-32007 =  Elko County 
273 = US-NV, US-NV-32007, 47, 47, 45291
 
# US-NV-32031 =  Washoe County 
274 = US-NV, US-NV-32031, 3345, 3345, 339486
 
# US-NV-32033 =  White Pine County 
275 = US-NV, US-NV-32033, 7, 7, 9181
 
# US-NY-36001 =  Albany County 
276 = US-NY, US-NY-36001, 1977, 1977, 294565
 
# US-NY-36007 =  Broome County 
277 = US-NY, US-NY-36007, 147, 147, 200536
 
# US-NY-36013 =  Chautauqua County 
278 = US-NY, US-NY-36013, 6, 6, 139750
 
# US-NY-36015 =  Chemung County 
279 = US-NY, US-NY-36015, 114, 114, 91070
 
# US-NY-36029 =  Erie County 
280 = US-NY, US-NY-36029, 3455, 3455, 950265
 
# US-NY-36033 =  Franklin County 
281 = US-NY, US-NY-36033, 4, 4, 51134
 
# US-NY-36045 =  Jefferson County 
282 = US-NY, US-NY-36045, 5, 5, 111738
 
# US-NY-36055 =  Monroe County 
283 = US-NY, US-NY-36055, 1941, 1941, 735343
 
# US-NY-36067 =  Onondaga County 
284 = US-NY, US-NY-36067, 1546, 1546, 458336
 
# US-NY-36071 =  Orange County 
285 = US-NY, US-NY-36071, 215, 215, 341367
 
# US-NY-36081 =  Queens County 
286 = US-NY, US-NY-36081, 46572, 46572, 2229379
 
# US-NY-36089 =  St. Lawrence County 
287 = US-NY, US-NY-36089, 4, 4, 111931
 
# US-NY-36103 =  Suffolk County 
288 = US-NY, US-NY-36103, 1559, 1559, 1419369
 
# US-NY-36109 =  Tompkins County 
289 = US-NY, US-NY-36109, 106, 106, 96501
 
# US-NY-36119 =  Westchester County 
290 = US-NY, US-NY-36119, 701, 701, 923459
 
# US-OH-39035 =  Cuyahoga County 
291 = US-OH, US-OH-39035, 7463, 7463, 1393978
 
# US-OH-39049 =  Franklin County 
292 = US-OH, US-OH-39049, 4575, 4575, 1068978
 
# US-OH-39051 =  Fulton County 
293 = US-OH, US-OH-39051, 267, 267, 42084
 
# US-OH-39061 =  Hamilton County 
294 = US-OH, US-OH-39061, 10937, 10937, 845303
 
# US-OH-39113 =  Montgomery County 
295 = US-OH, US-OH-39113, 1786, 1786, 559062
 
# US-OH-39151 =  Stark County 
296 = US-OH, US-OH-39151, 973, 973, 378098
 
# US-OH-39155 =  Trumbull County 
297 = US-OH, US-OH-39155, 17, 17, 225116
 
# US-OK-40031 =  Comanche County 
298 = US-OK, US-OK-40031, 68, 68, 114996
 
# US-OK-40109 =  Oklahoma County 
299 = US-OK, US-OK-40109, 2466, 2466, 660448
 
# US-OK-40143 =  Tulsa County 
300 = US-OK, US-OK-40143, 2192, 2192, 563299
 
# US-OR-41011 =  Coos County 
301 = US-OR, US-OR-41011, 49, 49, 62779
 
# US-OR-41017 =  Deschutes County 
302 = US-OR, US-OR-41017, 282, 282, 115367
 
# US-OR-41029 =  Jackson County 
303 = US-OR, US-OR-41029, 396, 396, 181269
 
# US-OR-41035 =  Klamath County 
304 = US-OR, US-OR-41035, 39, 39, 63775
 
# US-OR-41039 =  Lane County 
305 = US-OR, US-OR-41039, 495, 495, 322959
 
# US-OR-41051 =  Multnomah County 
306 = US-OR, US-OR-41051, 9530, 9530, 660486
 
# US-OR-41059 =  Umatilla County 
307 = US-OR, US-OR-41059, 10, 10, 70548
 
# US-PA-42003 =  Allegheny County 
308 = US-PA, US-PA-42003, 6776, 6776, 1281666
 
# US-PA-42013 =  Blair County 
309 = US-PA, US-PA-42013, 9, 9, 129144
 
# US-PA-42021 =  Cambria County 
310 = US-PA, US-PA-42021, 15, 15, 152598
 
# US-PA-42027 =  Centre County 
311 = US-PA, US-PA-42027, 182, 182, 135758
 
# US-PA-42043 =  Dauphin County 
312 = US-PA, US-PA-42043, 791, 791, 251798
 
# US-PA-42049 =  Erie County 
313 = US-PA, US-PA-42049, 221, 221, 280843
 
# US-PA-42065 =  Jefferson County 
314 = US-PA, US-PA-42065, 12, 12, 45932
 
# US-PA-42071 =  Lancaster County 
315 = US-PA, US-PA-42071, 10, 10, 470658
 
# US-PA-42077 =  Lehigh County 
316 = US-PA, US-PA-42077, 545, 545, 312090
 
# US-PA-42079 =  Luzerne County 
317 = US-PA, US-PA-42079, 292, 292, 319250
 
# US-PA-42081 =  Lycoming County 
318 = US-PA, US-PA-42081, 37, 37, 120044
 
# US-PA-42083 =  Mc Kean County 
319 = US-PA, US-PA-42083, 5, 5, 45936
 
# US-PA-42101 =  Philadelphia County 
320 = US-PA, US-PA-42101, 21084, 21084, 1517550
 
# US-PA-42129 =  Westmoreland County 
321 = US-PA, US-PA-42129, 25, 25, 369993
 
# US-PR-72097 =  Mayagüez 
#322 = US-PR, US-PR-72097, 5, 5, 98434
 
# US-PR-72113 =  Ponce 
#323 = US-PR, US-PR-72113, 123, 123, 186475
 
# US-PR-72127 =  San Juan 
#324 = US-PR, US-PR-72127, 13, 13, 434374
 
# US-RI-44003 =  Kent County 
325 = US-RI, US-RI-44003, 3558, 3558, 167090
 
# US-RI-44009 =  Washington County 
326 = US-RI, US-RI-44009, 11, 11, 123546
 
# US-SC-45013 =  Beaufort County 
327 = US-SC, US-SC-45013, 85, 85, 120937
 
# US-SC-45019 =  Charleston County 
328 = US-SC, US-SC-45019, 1294, 1294, 309969
 
# US-SC-45041 =  Florence County 
329 = US-SC, US-SC-45041, 62, 62, 125761
 
# US-SC-45045 =  Greenville County 
330 = US-SC, US-SC-45045, 1037, 1037, 379616
 
# US-SC-45051 =  Horry County 
331 = US-SC, US-SC-45051, 949, 949, 196629
 
# US-SC-45063 =  Lexington County 
332 = US-SC, US-SC-45063, 869, 869, 216014
 
# US-SD-46013 =  Brown County 
333 = US-SD, US-SD-46013, 37, 37, 35460
 
# US-SD-46029 =  Codington County 
334 = US-SD, US-SD-46029, 9, 9, 25897
 
# US-SD-46065 =  Hughes County 
335 = US-SD, US-SD-46065, 23, 23, 16481
 
# US-SD-46099 =  Minnehaha County 
336 = US-SD, US-SD-46099, 507, 507, 148281
 
# US-SD-46103 =  Pennington County 
337 = US-SD, US-SD-46103, 310, 310, 88565
 
# US-TN-47037 =  Davidson County 
338 = US-TN, US-TN-47037, 6547, 6547, 569891
 
# US-TN-47065 =  Hamilton County 
339 = US-TN, US-TN-47065, 338, 338, 307896
 
# US-TN-47093 =  Knox County 
340 = US-TN, US-TN-47093, 1117, 1117, 382032
 
# US-TN-47113 =  Madison County 
341 = US-TN, US-TN-47113, 5, 5, 91837
 
# US-TN-47157 =  Shelby County 
342 = US-TN, US-TN-47157, 7546, 7546, 897472
 
# US-TN-47163 =  Sullivan County 
343 = US-TN, US-TN-47163, 290, 290, 153048
 
# US-TX-48029 =  Bexar County 
344 = US-TX, US-TX-48029, 5364, 5364, 1392931
 
# US-TX-48041 =  Brazos County 
345 = US-TX, US-TX-48041, 118, 118, 152415
 
# US-TX-48061 =  Cameron County 
346 = US-TX, US-TX-48061, 715, 715, 335227
 
# US-TX-48113 =  Dallas County 
347 = US-TX, US-TX-48113, 43934, 43934, 2218899
 
# US-TX-48141 =  El Paso County 
348 = US-TX, US-TX-48141, 2272, 2272, 679622
 
# US-TX-48183 =  Gregg County 
349 = US-TX, US-TX-48183, 35, 35, 111379
 
# US-TX-48201 =  Harris County 
350 = US-TX, US-TX-48201, 33691, 33691, 3400578
 
# US-TX-48215 =  Hidalgo County 
351 = US-TX, US-TX-48215, 543, 543, 569463
 
# US-TX-48245 =  Jefferson County 
352 = US-TX, US-TX-48245, 53, 53, 252051
 
# US-TX-48303 =  Lubbock County 
353 = US-TX, US-TX-48303, 774, 774, 242628
 
# US-TX-48309 =  McLennan County 
354 = US-TX, US-TX-48309, 102, 102, 213517
 
# US-TX-48329 =  Midland County 
355 = US-TX, US-TX-48329, 650, 650, 116009
 
# US-TX-48355 =  Nueces County 
356 = US-TX, US-TX-48355, 588, 588, 313645
 
# US-TX-48375 =  Potter County 
357 = US-TX, US-TX-48375, 612, 612, 113546
 
# US-TX-48423 =  Smith County 
358 = US-TX, US-TX-48423, 109, 109, 174706
 
# US-TX-48441 =  Taylor County 
359 = US-TX, US-TX-48441, 125, 125, 126555
 
# US-TX-48451 =  Tom Green County 
360 = US-TX, US-TX-48451, 94, 94, 104010
 
# US-TX-48453 =  Travis County 
361 = US-TX, US-TX-48453, 5404, 5404, 812280
 
# US-TX-48465 =  Val Verde County 
362 = US-TX, US-TX-48465, 23, 23, 44856
 
# US-TX-48469 =  Victoria County 
363 = US-TX, US-TX-48469, 13, 13, 84088
 
# US-TX-48479 =  Webb County 
364 = US-TX, US-TX-48479, 134, 134, 193117
 
# US-TX-48485 =  Wichita County 
365 = US-TX, US-TX-48485, 64, 64, 131664
 
# US-UT-49017 =  Garfield County 
366 = US-UT, US-UT-49017, 4, 4, 4735
 
# US-UT-49019 =  Grand County 
367 = US-UT, US-UT-49019, 5, 5, 8485
 
# US-UT-49021 =  Iron County 
368 = US-UT, US-UT-49021, 12, 12, 33779
 
# US-UT-49035 =  Salt Lake County 
369 = US-UT, US-UT-49035, 14095, 14095, 898387
 
# US-UT-49045 =  Tooele County 
370 = US-UT, US-UT-49045, 63, 63, 40735
 
# US-UT-49053 =  Washington County 
371 = US-UT, US-UT-49053, 74, 74, 90354
 
# US-VA-51003 =  Albemarle County 
372 = US-VA, US-VA-51003, 255, 255, 79236
 
# US-VA-51015 =  Augusta County 
373 = US-VA, US-VA-51015, 8, 8, 65615
 
# US-VA-51087 =  Henrico County 
374 = US-VA, US-VA-51087, 2253, 2253, 262300
 
# US-VA-51107 =  Loudoun County 
375 = US-VA, US-VA-51107, 15131, 15131, 169599
 
# US-VA-51510 =  Alexandria city 
376 = US-VA, US-VA-51510, 287, 287, 128283
 
# US-VA-51680 =  Lynchburg city 
377 = US-VA, US-VA-51680, 83, 83, 65269
 
# US-VA-51700 =  Newport News city 
378 = US-VA, US-VA-51700, 703, 703, 180150
 
# US-VA-51710 =  Norfolk city 
379 = US-VA, US-VA-51710, 2551, 2551, 234403
 
# US-VA-51770 =  Roanoke city 
380 = US-VA, US-VA-51770, 447, 447, 94911
 
# US-VI-78010 =  St. Croix
#381 = US-VI, US-VI-78010, 256, 256, 53234
 
# US-VI-78030 =  St. Thomas
#382 = US-VI, US-VI-78030, 787, 787, 18914
 
# US-VT-50007 =  Chittenden County 
383 = US-VT, US-VT-50007, 934, 934, 146571
 
# US-WA-53007 =  Chelan County 
384 = US-WA, US-WA-53007, 55, 55, 66616
 
# US-WA-53009 =  Clallam County 
385 = US-WA, US-WA-53009, 22, 22, 64525
 
# US-WA-53021 =  Franklin County 
386 = US-WA, US-WA-53021, 311, 311, 49347
 
# US-WA-53025 =  Grant County 
387 = US-WA, US-WA-53025, 7, 7, 74698
 
# US-WA-53033 =  King County 
388 = US-WA, US-WA-53033, 20186, 20186, 1737034
 
# US-WA-53055 =  San Juan County 
389 = US-WA, US-WA-53055, 36, 36, 14077
 
# US-WA-53063 =  Spokane County 
390 = US-WA, US-WA-53063, 2199, 2199, 417939
 
# US-WA-53071 =  Walla Walla County 
391 = US-WA, US-WA-53071, 39, 39, 55180
 
# US-WA-53073 =  Whatcom County 
392 = US-WA, US-WA-53073, 185, 185, 166814
 
# US-WA-53075 =  Whitman County 
393 = US-WA, US-WA-53075, 33, 33, 40740
 
# US-WA-53077 =  Yakima County 
394 = US-WA, US-WA-53077, 79, 79, 222581
 
# US-WI-55009 =  Brown County 
395 = US-WI, US-WI-55009, 608, 608, 226778
 
# US-WI-55025 =  Dane County 
396 = US-WI, US-WI-55025, 1101, 1101, 426526
 
# US-WI-55035 =  Eau Claire County 
397 = US-WI, US-WI-55035, 32, 32, 93142
 
# US-WI-55063 =  La Crosse County 
398 = US-WI, US-WI-55063, 163, 163, 107120
 
# US-WI-55073 =  Marathon County 
399 = US-WI, US-WI-55073, 221, 221, 125834
 
# US-WI-55079 =  Milwaukee County 
400 = US-WI, US-WI-55079, 4973, 4973, 940164
 
# US-WI-55085 =  Oneida County 
401 = US-WI, US-WI-55085, 57, 57, 36776
 
# US-WI-55087 =  Outagamie County 
402 = US-WI, US-WI-55087, 391, 391, 160971
 
# US-WV-54025 =  Greenbrier County 
403 = US-WV, US-WV-54025, 19, 19, 34453
 
# US-WV-54033 =  Harrison County 
404 = US-WV, US-WV-54033, 8, 8, 68652
 
# US-WV-54039 =  Kanawha County 
405 = US-WV, US-WV-54039, 390, 390, 200073
 
# US-WV-54061 =  Monongalia County 
406 = US-WV, US-WV-54061, 7, 7, 81866
 
# US-WV-54081 =  Raleigh County 
407 = US-WV, US-WV-54081, 4, 4, 79220
 
# US-WV-54099 =  Wayne County 
408 = US-WV, US-WV-54099, 52, 52, 42903
 
# US-WV-54107 =  Wood County 
409 = US-WV, US-WV-54107, 9, 9, 87986
 
# US-WY-56001 =  Albany County 
410 = US-WY, US-WY-56001, 15, 15, 32014
 
# US-WY-56005 =  Campbell County 
411 = US-WY, US-WY-56005, 30, 30, 33698
 
# US-WY-56013 =  Fremont County 
412 = US-WY, US-WY-56013, 20, 20, 35804
 
# US-WY-56021 =  Laramie County 
413 = US-WY, US-WY-56021, 21, 21, 81607
 
# US-WY-56025 =  Natrona County 
414 = US-WY, US-WY-56025, 108, 108, 66533
 
# US-WY-56029 =  Park County 
415 = US-WY, US-WY-56029, 39, 39, 25786
 
# US-WY-56033 =  Sheridan County 
416 = US-WY, US-WY-56033, 19, 19, 26560
 
# US-WY-56037 =  Sweetwater County 
417 = US-WY, US-WY-56037, 26, 26, 37613
 
# US-WY-56039 =  Teton County 
418 = US-WY, US-WY-56039, 376, 376, 18251
 
# US-WY-56043 =  Washakie County 
419 = US-WY, US-WY-56043, 4, 4, 8289
 
